Top pages,Clicks,Impressions,CTR,Position
https://wildmountainimmigration.com/blog/what-is-canada-known-for/,7163,427928,1.67%,7.95
https://wildmountainimmigration.com/move-from/move-to-canada-from-uk/,3052,421865,0.72%,20.52
https://wildmountainimmigration.com/move-from/move-to-canada-from-australia/,3044,190903,1.59%,21.02
https://wildmountainimmigration.com/edmonton/pros-and-cons-of-living-in-edmonton-alberta/,2530,178525,1.42%,7.7
https://wildmountainimmigration.com/faqs/proof-of-work-experience/,2211,178037,1.24%,10.76
https://wildmountainimmigration.com/move-from/life-in-canada-vs-france-comprehensive-comparison/,2151,127792,1.68%,8.47
https://wildmountainimmigration.com/move-from/life-in-canada-vs-ireland-comparison/,1574,99397,1.58%,10.15
https://wildmountainimmigration.com/resources/how-to-get-a-job-offer-in-canada-from-outside/,1472,100241,1.47%,15.74
https://wildmountainimmigration.com/move-from/move-to-canada-from-ireland/,1384,76643,1.81%,18.3
https://wildmountainimmigration.com/move-from/move-to-canada-from-germany/,1320,59201,2.23%,12.59
https://wildmountainimmigration.com/faqs/imm-5409/,1279,93194,1.37%,7.44
https://wildmountainimmigration.com/blog/pgwp-extension-2024/,1248,59647,2.09%,9.29
https://wildmountainimmigration.com/move-from/move-to-canada-from-france/,1096,61771,1.77%,13.8
https://wildmountainimmigration.com/faqs/how-to-verify-immigration-consultant/,1084,76591,1.42%,14.37
https://wildmountainimmigration.com/move-from/move-to-canada-from-italy/,1070,48472,2.21%,13.29
https://wildmountainimmigration.com/faqs/can-you-immigrate-to-canada-if-you-are-over-50/,1061,57338,1.85%,7.31
https://wildmountainimmigration.com/move-from/move-to-canada-from-mexico/,1056,62576,1.69%,14.04
https://wildmountainimmigration.com/move-from/move-to-canada-from-netherlands/,1041,40526,2.57%,13.59
https://wildmountainimmigration.com/move-from/life-in-canada-vs-new-zealand/,1020,120567,0.85%,9.41
https://wildmountainimmigration.com/move-from/move-to-canada-from-sweden/,980,34514,2.84%,12.49
https://wildmountainimmigration.com/faqs/what-is-the-lonely-canadian-rule/,958,51867,1.85%,9.64
https://wildmountainimmigration.com/move-from/move-to-canada-from-new-zealand/,908,68239,1.33%,20.34
https://wildmountainimmigration.com/express-entry/express-entry-crs-score-calculator/,798,744885,0.11%,11.46
https://wildmountainimmigration.com/labour-market-impact-assessment/low-wage-lmia/,796,62001,1.28%,13.07
https://wildmountainimmigration.com/,753,143204,0.53%,60.12
https://wildmountainimmigration.com/edmonton/best-schools-in-edmonton/,740,53946,1.37%,9.95
https://wildmountainimmigration.com/move-from/move-to-canada-from-japan/,702,39688,1.77%,13.53
https://wildmountainimmigration.com/move-from/move-to-canada-from-poland/,695,41978,1.66%,10.64
https://wildmountainimmigration.com/move-from/move-to-canada-from-portugal/,689,31765,2.17%,16.18
https://wildmountainimmigration.com/vancouver/why-is-vancouver-so-expensive/,683,144263,0.47%,6.65
https://wildmountainimmigration.com/vancouver/is-vancouver-a-good-place-to-live/,651,99745,0.65%,15.57
https://wildmountainimmigration.com/faqs/can-i-leave-canada-after-applying-for-spousal-sponsorship/,646,39804,1.62%,9.87
https://wildmountainimmigration.com/faqs/sponsor-boyfriend-to-canada/,608,36341,1.67%,12.6
https://wildmountainimmigration.com/vancouver/affordable-places-to-live-near-vancouver/,606,62716,0.97%,15.55
https://wildmountainimmigration.com/faqs/why-do-people-immigrate-to-canada/,604,38369,1.57%,21.57
https://wildmountainimmigration.com/move-from/move-to-canada-from-belgium/,595,29583,2.01%,17.66
https://wildmountainimmigration.com/blog/cover-letter-for-ski-season/,536,9010,5.95%,17.04
https://wildmountainimmigration.com/move-from/move-to-canada-from-spain/,532,32344,1.64%,15.71
https://wildmountainimmigration.com/labour-market-impact-assessment/lmia-permanent-resident-stream/,526,44505,1.18%,15.03
https://wildmountainimmigration.com/fees/,518,44084,1.18%,13.06
https://wildmountainimmigration.com/move-from/life-in-canada-vs-germany-comparison/,515,75260,0.68%,6.82
https://wildmountainimmigration.com/faqs/cover-letter-for-permanent-residence-application/,500,24277,2.06%,29.43
https://wildmountainimmigration.com/move-from/move-to-canada-from-greece/,494,22275,2.22%,20.71
https://wildmountainimmigration.com/move-from/life-in-canada-vs-australia-complete-expat-comparison/,482,70683,0.68%,15.75
https://wildmountainimmigration.com/move-from/move-to-canada-from-norway/,474,17726,2.67%,16.89
https://wildmountainimmigration.com/move-from/life-in-canada-vs-uk/,466,111915,0.42%,27.2
https://wildmountainimmigration.com/canmore/canmore-coffee-shops/,454,54312,0.84%,11.1
https://wildmountainimmigration.com/move-from/move-to-canada-from-switzerland/,436,22995,1.9%,14.59
https://wildmountainimmigration.com/vancouver/moving-to-vancouver-island/,370,35874,1.03%,24.4
https://wildmountainimmigration.com/faqs/understanding-lmia-cap/,360,17358,2.07%,11.64
https://wildmountainimmigration.com/vancouver/how-to-make-friends-in-vancouver/,357,53614,0.67%,12.94
https://wildmountainimmigration.com/vancouver/is-vancouver-safer-than-toronto/,345,46134,0.75%,9.47
https://wildmountainimmigration.com/faqs/what-crimes-can-get-you-deported-from-canada/,303,24320,1.25%,15.03
https://wildmountainimmigration.com/faqs/bank-statement-for-express-entry-proof-of-funds/,301,75698,0.4%,16.98
https://wildmountainimmigration.com/move-from/move-to-canada-from-taiwan/,294,21351,1.38%,9.97
https://wildmountainimmigration.com/calgary/ottawa-vs-calgary/,285,22151,1.29%,12.99
https://wildmountainimmigration.com/vancouver/discover-the-best-places-to-live-on-vancouver-island/,276,26590,1.04%,12.82
https://wildmountainimmigration.com/calgary/best-places-to-live-in-alberta-2024/,251,17244,1.46%,17.36
https://wildmountainimmigration.com/move-from/move-to-canada-from-denmark/,235,15115,1.55%,21.64
https://wildmountainimmigration.com/edmonton/how-to-make-friends-in-edmonton/,205,21338,0.96%,8.75
https://wildmountainimmigration.com/move-from/move-to-canada-from-lithuania/,199,11910,1.67%,21.3
https://wildmountainimmigration.com/move-from/move-to-canada-from-croatia/,188,14448,1.3%,26.48
https://wildmountainimmigration.com/faqs/how-long-does-spousal-sponsorship-take-in-canada-2024/,185,43879,0.42%,13.12
https://wildmountainimmigration.com/move-from/move-to-canada-from-chile/,182,22122,0.82%,19.27
https://wildmountainimmigration.com/faqs/benefits-of-marrying-a-canadian-citizen/,176,23459,0.75%,14.53
https://wildmountainimmigration.com/canmore/canmore-webcams/,168,55480,0.3%,8.28
https://wildmountainimmigration.com/faqs/how-many-lmias-can-an-employer-get-in-canada/,165,15304,1.08%,9.62
https://wildmountainimmigration.com/faqs/how-long-is-medical-valid-for-canada-immigration/,164,55957,0.29%,15.67
https://wildmountainimmigration.com/faqs/proof-of-funds-express-entry/,159,17966,0.89%,32.74
https://wildmountainimmigration.com/vancouver/is-north-vancouver-safe/,158,25862,0.61%,12.55
https://wildmountainimmigration.com/move-from/move-to-canada-from-south-korea/,154,25281,0.61%,16.18
https://wildmountainimmigration.com/blog/are-forks-illegal-in-canada/,151,13844,1.09%,10.8
https://wildmountainimmigration.com/faqs/age-limit-for-canadian-immigration/,149,38478,0.39%,11.92
https://wildmountainimmigration.com/labour-market-impact-assessment/high-wage-lmia/,144,34226,0.42%,15.16
https://wildmountainimmigration.com/express-entry/clb-calculator/,142,30878,0.46%,34.98
https://wildmountainimmigration.com/express-entry/use-of-a-representative/,136,58001,0.23%,11.13
https://wildmountainimmigration.com/canmore/living-in-canmore/,118,20502,0.58%,14.95
https://wildmountainimmigration.com/move-from/move-to-canada-from-czech-republic/,114,14408,0.79%,21.98
https://wildmountainimmigration.com/blog/super-visa-vs-visitor-visa/,113,24284,0.47%,20.01
https://wildmountainimmigration.com/blog/how-long-can-canadian-permanent-residents-stay-abroad/,105,35989,0.29%,14.98
https://wildmountainimmigration.com/move-from/move-to-canada-from-slovakia/,103,7955,1.29%,22.56
https://wildmountainimmigration.com/calgary/calgary-vs-winnipeg/,102,21073,0.48%,12.48
https://wildmountainimmigration.com/move-from/move-to-canada-from-iceland/,95,9501,1%,27.08
https://wildmountainimmigration.com/move-from/move-to-canada-from-usa/,92,150231,0.06%,40.9
https://wildmountainimmigration.com/blog/best-place-to-live-in-canada-for-software-engineers/,92,16528,0.56%,31.25
https://wildmountainimmigration.com/calgary/toronto-to-calgary-road-trip-in-winter/,86,33923,0.25%,18.26
https://wildmountainimmigration.com/blog/how-to-make-friends-in-toronto/,81,17255,0.47%,15.95
https://wildmountainimmigration.com/vancouver/montreal-vs-vancouver/,75,23079,0.32%,15.07
https://wildmountainimmigration.com/calgary/best-schools-in-calgary/,75,22466,0.33%,26.04
https://wildmountainimmigration.com/toronto/richest-neighborhoods-in-toronto/,73,51080,0.14%,9.08
https://wildmountainimmigration.com/blog/how-much-do-loggers-make-in-canada/,72,25550,0.28%,12.7
https://wildmountainimmigration.com/faqs/lmia-business-legitimacy/,70,16482,0.42%,11.16
https://wildmountainimmigration.com/toronto/montreal-vs-toronto/,69,22597,0.31%,21.07
https://wildmountainimmigration.com/move-from/move-to-canada-from-estonia/,69,7524,0.92%,35.46
https://wildmountainimmigration.com/edmonton/edmonton-neighbourhoods/,68,83880,0.08%,20.11
https://wildmountainimmigration.com/blog/celebrating-permanent-residency/,68,1695,4.01%,16.84
https://wildmountainimmigration.com/labour-market-impact-assessment/lmia-agricultural-stream/,66,12033,0.55%,13.06
https://wildmountainimmigration.com/vancouver/explore-canmore-nightlife-top-bars-live-music/,66,9379,0.7%,13.68
https://wildmountainimmigration.com/blog/banff-history-lesson-101/,56,6599,0.85%,16.44
https://wildmountainimmigration.com/vancouver/best-places-to-live-in-vancouver/,55,21907,0.25%,36.17
https://wildmountainimmigration.com/calgary/what-is-calgary-known-for/,54,41305,0.13%,10.85
https://wildmountainimmigration.com/faqs/labour-market-impact-assessment-processing-time-2024/,54,31111,0.17%,15.67
https://wildmountainimmigration.com/vancouver/what-is-a-good-salary-in-vancouver/,54,30113,0.18%,14.56
https://wildmountainimmigration.com/blog/how-do-immigrants-help-the-economy-in-canada/,54,5087,1.06%,30.48
https://wildmountainimmigration.com/calgary/how-to-make-friends-in-calgary/,53,8622,0.61%,13.73
https://wildmountainimmigration.com/blog/best-time-to-move-to-canada/,50,11539,0.43%,9.44
https://wildmountainimmigration.com/faqs/who-can-apply-for-bridging-open-work-permit/,49,15532,0.32%,24.53
https://wildmountainimmigration.com/faqs/how-to-find-your-noc-code/,48,75437,0.06%,19.05
https://wildmountainimmigration.com/calgary/cost-of-living-in-calgary-2024/,48,34071,0.14%,20.97
https://wildmountainimmigration.com/canmore/canmore-real-estate/,48,22850,0.21%,38.53
https://wildmountainimmigration.com/faqs/questions-to-ask-immigration-consultant-canada/,46,4879,0.94%,29.28
https://wildmountainimmigration.com/calgary/calgary-neighbourhoods/,45,19698,0.23%,40.83
https://wildmountainimmigration.com/blog/moving-to-canada-checklist/,44,44558,0.1%,56.63
https://wildmountainimmigration.com/faqs/why-are-immigration-consultants-so-expensive/,44,7459,0.59%,23.81
https://wildmountainimmigration.com/contact/,43,1945,2.21%,5.98
https://wildmountainimmigration.com/blog/work-a-ski-season-in-canada/,42,8495,0.49%,47.91
https://wildmountainimmigration.com/faqs/are-immigration-consultants-worth-it/,41,30090,0.14%,3.6
https://wildmountainimmigration.com/faqs/gcms-notes/,40,19990,0.2%,37.54
https://wildmountainimmigration.com/vancouver/vancouver-social-groups-connect-network-build-friendships/,39,10812,0.36%,29.09
https://wildmountainimmigration.com/blog/canada-lowers-family-sponsorship-targets-2025-2027/,38,3622,1.05%,31.39
https://wildmountainimmigration.com/immigrate/alberta-advantage-immigration-program/,37,19521,0.19%,27.94
https://wildmountainimmigration.com/faqs/what-is-conjugal-relationship-explained/,37,16424,0.23%,16.5
https://wildmountainimmigration.com/calgary/calgary-vs-vancouver/,36,10154,0.35%,19.91
https://wildmountainimmigration.com/calgary/calgary-vs-montreal/,36,9382,0.38%,10.21
https://wildmountainimmigration.com/blog/living-and-working-in-ontario/,35,12122,0.29%,41.65
https://wildmountainimmigration.com/alberta-advantage-immigration-program/alberta-accelerated-tech-pathway/,31,10794,0.29%,20.63
https://wildmountainimmigration.com/move-from/move-to-canada-from-hong-kong/,30,8778,0.34%,31.31
https://wildmountainimmigration.com/blog/new-pr-program-for-alberta-police-officers/,30,1390,2.16%,17.76
https://wildmountainimmigration.com/about/,28,2143,1.31%,5.79
https://wildmountainimmigration.com/calgary/living-in-calgary-vs-toronto/,27,9614,0.28%,20.64
https://wildmountainimmigration.com/vancouver/best-places-to-live-in-edmonton-for-families-2024/,27,6156,0.44%,19.75
https://wildmountainimmigration.com/canmore/schools-in-canmore-alberta/,25,3923,0.64%,13.87
https://wildmountainimmigration.com/faqs/language-requirements-express-entry-canada/,23,31466,0.07%,15.51
https://wildmountainimmigration.com/calgary/free-things-to-do-in-calgary/,23,9809,0.23%,35.51
https://wildmountainimmigration.com/blog/top-6-companies-lmia-exempt-work-permits-canada/,23,3724,0.62%,30.06
https://wildmountainimmigration.com/faqs/english-test-for-express-entry/,22,27320,0.08%,45.29
https://wildmountainimmigration.com/vancouver/vancouver-vs-toronto/,22,23345,0.09%,34.27
https://wildmountainimmigration.com/how-to-move-to-canada/,21,29445,0.07%,35.1
https://wildmountainimmigration.com/faqs/pgwp-requirements-2024/,21,11536,0.18%,21.55
https://wildmountainimmigration.com/faqs/six-selection-factors/,20,7983,0.25%,13.12
https://wildmountainimmigration.com/blog/lmia-new-rules-2024/,19,6967,0.27%,17.99
https://wildmountainimmigration.com/calgary/immigration-consultant-calgary/,18,13985,0.13%,47.58
https://wildmountainimmigration.com/faqs/how-much-bank-balance-is-required-for-canada/,18,13005,0.14%,10.67
https://wildmountainimmigration.com/vancouver/is-vancouver-safe-to-live/,18,9225,0.2%,18.3
https://wildmountainimmigration.com/faqs/how-long-financially-responsible-for-someone-you-sponsor-canada/,18,8570,0.21%,10.48
https://wildmountainimmigration.com/canmore/canmore-neighbourhoods/,18,2050,0.88%,20.48
https://wildmountainimmigration.com/vancouver/what-is-vancouver-famous-for/,17,22661,0.08%,10.88
https://wildmountainimmigration.com/faqs/canadian-citizen-vs-permanent-resident/,17,19129,0.09%,28.61
https://wildmountainimmigration.com/calgary/calgary-vs-edmonton-for-new-immigrants/,17,6164,0.28%,39.29
https://wildmountainimmigration.com/edmonton/edmonton-vs-calgary/,15,9700,0.15%,30.73
https://wildmountainimmigration.com/immigrate/spousal-sponsorship-canada/,15,7286,0.21%,50.76
https://wildmountainimmigration.com/blog/canada-temporary-resident-visa-guidelines/,15,4478,0.33%,26.59
https://wildmountainimmigration.com/vancouver/cost-of-living-vancouver/,14,24334,0.06%,36.27
https://wildmountainimmigration.com/alberta-advantage-immigration-program/alberta-opportunity-stream/,14,11249,0.12%,20.76
https://wildmountainimmigration.com/blog/gap-year-canada-banff/,14,6168,0.23%,46.2
https://wildmountainimmigration.com/faqs/can-i-create-2-express-entry-profiles/,14,3039,0.46%,26.96
https://wildmountainimmigration.com/faqs/good-crs-score-for-canada-pr-2024/,12,18324,0.07%,14.59
https://wildmountainimmigration.com/blog/tr-to-pr-2022/,11,3879,0.28%,26.25
https://wildmountainimmigration.com/faqs/how-much-does-lmia-cost/,11,2650,0.42%,15.26
https://wildmountainimmigration.com/immigrate/express-entry/,10,10146,0.1%,34.12
https://wildmountainimmigration.com/edmonton/edmonton-vs-vancouver/,10,5033,0.2%,16.14
https://wildmountainimmigration.com/calgary/economist-most-liveable-cities-canada/,10,4842,0.21%,21.03
https://wildmountainimmigration.com/canmore/best-breakfast-in-canmore/,10,4832,0.21%,32.75
https://wildmountainimmigration.com/vancouver/how-to-save-money-in-vancouver/,10,2119,0.47%,21.64
https://wildmountainimmigration.com/vancouver/immigration-consultant-vancouver/,9,22869,0.04%,51.36
https://wildmountainimmigration.com/faqs/can-i-be-a-dual-citizen/,9,22173,0.04%,52.29
https://wildmountainimmigration.com/immigrate/canadian-citizenship/,8,12565,0.06%,17.88
https://wildmountainimmigration.com/calgary/is-calgary-a-good-place-to-live/,8,10768,0.07%,31.5
https://wildmountainimmigration.com/faqs/what-is-the-cut-off-age-to-move-to-canada/,8,4447,0.18%,15.74
https://wildmountainimmigration.com/blog/new-immigration-pathways-canada-2025/,8,2608,0.31%,31.05
https://wildmountainimmigration.com/faqs/ghost-consultant/,8,1067,0.75%,7.51
https://wildmountainimmigration.com/work/international-experience-canada/,7,5905,0.12%,31.67
https://wildmountainimmigration.com/vancouver/do-you-need-a-car-in-vancouver/,7,3777,0.19%,17.62
https://wildmountainimmigration.com/immigrate/british-columbia-provincial-nominee-program/,2,23193,0.01%,48.07
https://wildmountainimmigration.com/canadian-super-visa/,5,6600,0.08%,38.79
https://wildmountainimmigration.com/work/bridging-open-work-permit/,5,5565,0.09%,59.57
https://wildmountainimmigration.com/work/labour-market-impact-assessment/,5,19625,0.03%,31.52
https://wildmountainimmigration.com/work/intra-company-transfers/,4,9390,0.04%,61.35
https://wildmountainimmigration.com/study/can-i-work-24-hours-as-a-student-in-canada/,4,6537,0.06%,44.83
https://wildmountainimmigration.com/canadian-tourist-visa/,4,1064,0.38%,6.14
https://wildmountainimmigration.com/work/post-graduation-work-permit/,1,684,0.15%,27.94
https://wildmountainimmigration.com/immigrate/permanent-residence/,2,1434,0.14%,26.74
https://wildmountainimmigration.com/consultation/,3,331,0.91%,5.45
https://wildmountainimmigration.com/study/,1,1571,0.06%,35.64
https://wildmountainimmigration.com/work-in-canada/,6,1335,0.45%,16.07
https://wildmountainimmigration.com/partners/,0,359,0%,6.36
https://wildmountainimmigration.com/canadian-city-guides/,0,339,0%,5.28
https://wildmountainimmigration.com/terms-of-use/,0,219,0%,8.12
https://wildmountainimmigration.com/privacy-policy/,0,45,0%,13.67
https://wildmountainimmigration.com/visitor/,0,647,0%,4.95
https://wildmountainimmigration.com/creative-persona/,0,20,0%,15.45
https://wildmountainimmigration.com/creative-software/,0,12,0%,4.67
